,Movie,Expected.ROI.pct,Expected.Bgt,ROI.pct,Verdict,Budget,ROI_Cr,pct_ROI,Cast,Genre,Release_Date,Verified.FB.Page,FB.Following,Trailer.Thumbs.Down,Trailer.Thumbs.Up,Youtube.Trailer.hits,Trailer.Date,Days.between.Releases
1,1920 – Evil Returns,162.011,65.16666667,155.556,Super Hit,9,14,155.556,"Aftab Shivdasani,Tia Bajpai,Vidya Malvade",Horror,11/2/2012,NP,39171,351,2772,2325401,10/1/2012,32
2,2 States,111.4891944,41.52777778,188.889,Super Hit,36,68,188.889,"Alia Bhatt,Arjun Kapoor,Ronit Roy",Rom-Com,4/18/2014,Y,3487616,2528,26627,8580840,2/27/2014,50
3,3G,8.888875,47.625,20,Average,5,1,20,"Neil Nitin Mukesh,Sonal Chauhan",Horror,3/15/2013,NP,1002,350,1398,1230118,1/3/2013,71
4,7 Khoon Maaf,49.82464714,38.06071429,26.667,Semi - Hit,15,4,26.667,"Priyanka Chopra,Neil Nitin Mukesh,John Abraham,Irrfan Khan,Naseeruddin Shah",Thriller,2/18/2011,N,32878,33,158,404046,1/24/2011,25
5,Aarakshan,18.34758556,39.85111111,0,Losing,42,0,0,"Amitabh Bachchan,Saif Ali Khan,Manoj Bajpayee,Deepika Padukone,Prateik Babbar",Drama,8/12/2011,NP,10043,31,277,248118,6/24/2011,49
6,Aashiqui 2,235.4860417,30.91666667,608.333,Blockbuster,12,73,608.333,"Shraddha Kapoor,Aditya Roy Kapoor",Romance,4/26/2013,N,2059767,707,5701,3511303,4/13/2013,13
7,Aatma,57.8987619,47.92857143,0,Losing,8,0,0,"Bipasha Basu,Nawazuddin Siddiqui",Horror,3/22/2013,N,98,319,1039,877698,2/11/2013,39
8,Ab Tak Chappan 2 ,83.96804762,35.9047619,133.333,Super Hit,3,4,133.333,"Nana Patekar,Vikram Gokhale,Mohan Agashe,Raj Zutshi,Gul Panag,Ashutosh Rana,Dilip Prabhawalkar",Crime,2/26/2015,NP,1073,1143,1345,659371,2/9/2015,17
9,ABCD – Any Body Can Dance,211.9925714,18.35714286,283.333,Blockbuster,12,34,283.333,"Prabhudeva,Kay Kay Menon",Dance,2/8/2013,Y,3424681,819,10895,4182257,11/27/2012,73
10,Action Jackson,142.6838682,48.18181818,-21.071,Losing,70,-14.75,-21.071,"Ajay Devgn,Sonakshi Sinha,Yami Gautam",Action,12/5/2014,NP,11969,3870,19295,13288387,10/22/2014,44
11,Agent Vinod,26.63248611,49.27777778,-26.667,Losing,60,-16,-26.667,"Saif Ali Khan,Kareena Kapoor Khan",Action,3/23/2012,NP,4534,529,1632,1857597,2/21/2012,31
12,Agneepath,51.5204119,39.47619048,105,Hit,60,63,105,"Hrithik Roshan,Sanjay Dutt,Priyanka Chopra",Drama,1/26/2012,N,1154295,786,8074,6022500,8/28/2011,151
13,Aiyyaa,107.41075,22.25,-50,Flop,16,-8,-50,Rani Mukherjee,Comedy,10/12/2012,NP,3455,145,866,493842,9/8/2012,34
14,Ajab Gazabb Love,-41.667,11,-41.667,Losing,12,-5,-41.667,Jacky Bhagani,Rom-Com,10/26/2012,NP,2936,25,219,187965,8/16/2012,71
15,Alone ,16.40192857,30.92857143,22.222,Semi - Hit,18,4,22.222,"Bipasha Basu,Karan Singh Grover",Horror,12/26/2014,Y,320581,2954,19008,8801439,12/9/2014,17
16,Amit Sahni Ki List ,4.22,27.25,-76.471,Flop,17,-13,-76.471,Vir Das,Rom-Com,7/18/2014,N,64227,54,588,572434,6/14/2014,34
17,Aurangzeb,22.99565,28.03333333,15,Average,20,3,15,"Prithviraj Sukumaran,Arjun Kapoor,Sasha Agha,Rishi Kapoor,Jackie Shroff",Thriller,5/17/2013,N,2250,760,3442,1935263,4/2/2013,45
18,B.A. Pass,9.091,53,9.091,Average,5.5,0.5,9.091,"Shilpa Shukla,Shadab Kamal,Rajesh Sharma,Dibyendu Bhattacharya",Neo Noir,8/2/2013,N,333595,369,897,2303754,7/1/2013,32
19,Baby,52.00726455,42.82142857,27.333,Semi - Hit,75,20.5,27.333,"Akshay Kumar,Taapsee Pannu,Rana Daggubati,Anupam Kher,Kay Kay Menon,Danny Denzongpa",Action / Thriller ,1/23/2015,Y,173242,29267,2432,7976757,12/3/2014,51
20,Badlapur ,135.9897262,36.89285714,104,Hit,25,26,104,"Varun Dhawan,Nawazuddin Siddiqui,Huma Qureshi,Divya Dutta,Radhika Apte,Yami Gautam,Kumud Mishra,Vinay Pathak",Crime ,2/20/2015,N,3575,18976,3231,4554209,12/1/2014,81
21,Badmashiyan,-64.0003,33.8,-66.667,Flop,3,-2,-66.667,"Siddhant Gupta,Suzanna Mukherjee,Karan Mehra,Sharib Hashmi,Gunjan Malhotra",Rom-Com,3/6/2015,N,28718,97,327,1022891,1/28/2015,37
22,Bajatey Raho,63.09678571,14.17857143,-30,Losing,10,-3,-30,"Tusshar Kapoor,Dolly Ahluwalia,Ranvir Shorey,Vinay Pathak",Comedy,7/26/2013,NP,156,77,522,473632,6/17/2013,39
23,Bang Bang,58.01116786,33.69642857,29.286,Semi - Hit,140,41,29.286,"Hrithik Roshan,Katrina Kaif,Danny Denzongpa,Javed Jaffrey,Jimmy Shergill",Action,10/2/2014,NP,171515,1196,9501,15893186,9/25/2014,7
24,Barfi!,58.79113016,45.58730159,200,Super Hit,40,80,200,"Ranbir Kapoor,Priyanka Chopra,Ileana D'Cruz",Comedy / Drama,9/14/2012,NP,378274,1164,10058,4243778,7/2/2012,74
25,Barkhaa,-54.4045,54.4,-85.714,Flop,7,-6,-85.714,"Sara Loren,Taaha Shah,Priyanshu Chatterjee,Shweta Pandit,Puneet Issar",Romance,3/27/2015,N,143,475,1747,1636643,3/5/2015,22
26,Bbuddah Hoga Terra Baap,11.51577778,38.55555556,30,Semi - Hit,10,3,30,Amitabh Bachchan,Comedy ,7/1/2011,NP,165,8,17,23591,6/3/2011,28
27,Besharam,40.14785714,44.42857143,-29.412,Losing,85,-25,-29.412,Ranbir Kapoor,Comedy,10/2/2013,N,61496,8176,10258,5339177,7/30/2013,64
28,Bewakoofiyaan,121.4777143,34.95714286,-36.364,Losing,22,-8,-36.364,"Sonam Kapoor,Ayushmann Khurrana",Rom-Com,3/14/2014,N,995,1069,4765,2851499,2/6/2014,36
29,Bhaag Milkha Bhaag,35.6415,56.5,108,Hit,50,54,108,Farhan Akhtar,Biopic,7/12/2013,N,1121883,471,6016,2558794,6/30/2013,12
30,Bheja Fry 2,177.0760714,24.35714286,700,Blockbuster,1.5,10.5,700,"Vinay Pathak,Kay Kay Menon",Comedy,6/17/2011,NP,2870,32,216,277660,5/7/2011,41
31,Bhoot Returns,20,52,20,Average,5,1,20,Manisha Koirala,Horror,10/12/2012,NP,2071,285,914,927634,9/7/2012,35
32,Bhoothnath Returns,11.51577778,38.55555556,14.706,Average,34,5,14.706,Amitabh Bachchan,Comedy,4/11/2014,N,8826,680,10849,3210815,2/25/2014,45
33,Bittoo Boss,36.17975,49.25,-50,Flop,6,-3,-50,"Pulkit Samrat,Amrita Pathak",Rom-Com,4/13/2012,NP,1428,53,109,108849,2/24/2012,49
34,Blood Money,31.1505,52.25,28.571,Semi - Hit,7,2,28.571,"Kunal Khemu,Amrita Puri",Crime,3/30/2012,NP,39059,17,88,118573,2/24/2012,35
35,Bobby Jasoos,221.3465,35.83333333,-60.714,Flop,28,-17,-60.714,Vidya Balan,Comedy,7/4/2014,Y,58371,1245,4513,3113801,5/27/2014,38
36,Bodyguard,99.56972487,45.28042328,253.846,Super Hit,65,165,253.846,"Salman Khan,Kareena Kapoor Khan,Raj Babbar",Action,8/31/2011,NP,209128,1176,3128,2369398,7/21/2011,41
37,Bol Bachchan,43.90178333,41.75,45.714,Semi - Hit,70,32,45.714,"Abhishek Bachchan,Ajay Devgn",Comedy,7/6/2012,N,313268,748,2605,2772046,5/24/2012,43
38,Bombay Talkies,81.02332875,51.29585538,33.333,Semi - Hit,6,2,33.333,"Rani Mukerji,Randeep Hooda,Saqib Saleem,Vineet Kumar Singh,Nawazuddin Siddiqui,Sadashiv Amrapurkar,Naman Jain,Katrina Kaif,Amitabh Bachchan",Drama,5/3/2013,N,192770,339,2834,1578668,3/25/2013,39
39,Bombay Velvet,-19.4274375,22.66889881,-78.482,Flop,110,-86.33,-78.482,"Ranbir Kapoor,Anushka Sharma,Karan Johar,Kay Kay Menon,Manish Chaudhary,Satyadeep Misra,Siddharth Basu,Vivaan Shah",Action,5/15/2015,N,11233,5585,15218,6118132,3/18/2015,58
40,Boss,76.3915,50.71428571,-10,Losing,60,-6,-10,Akshay Kumar,Action,10/16/2013,N,18840,3476,23653,6813111,8/26/2013,51
41,Bullett Raja,25.13660227,53.77272727,-34,Losing,50,-17,-34,"Sonakshi Sinha,Saif Ali Khan",Action,11/29/2013,N,168096,2146,8123,4064015,9/30/2013,60
42,Byomkesh Bakshi ,45.37422222,25.55555556,40.421,Semi - Hit,19,7.68,40.421,"Sushant Singh Rajput,Anand Tiwari,Swastika Mukherjee,Divya Menon,Meiyang Chang,Neeraj Kabi",Thriller,4/3/2015,Y,99077,818,9357,3029567,1/21/2015,72
43,Chaar Din Ki Chandni,-50,5,-50,Flop,10,-5,-50," Tusshar Kapoor,Kulraj Randhawa",Rom-Com,3/8/2012,NP,906,764,218,178465,12/1/2011,98
44,Chakravyuh,-0.738586607,31.98422619,-20,Losing,20,-4,-20,"Arjun Rampal,Esha Gupta,Manoj Bajpayee,Kabir Bedi,Om Puri,Anjali Patil,Abhay Deol,Sameera Reddy",Crime,10/24/2012,NP,1430,216,3032,1228851,8/16/2012,69
45,Chalo Dilli,107.0008333,43.34920635,80,Semi - Hit,5,4,80,"Lara Dutta,Vinay Pathak,Akshay Kumar",Comedy,4/29/2011,NP,1870,21,187,313408,4/2/2011,27
46,Chashme Baddoor,33.79850833,38.25,60,Semi - Hit,25,15,60,"Ali Zafar,Siddharth,Taapsee Pannu,Divyendu Sharma",Comedy,4/5/2013,N,602137,287,2932,1688641,2/7/2013,57
47,Chennai Express,92.6589,46.5,202.667,Super Hit,75,152,202.667,"Shah Rukh Khan,Deepika Padukone",Comedy,8/9/2013,N,270031,5275,32657,7691139,6/13/2013,57
48,Citylights,73.0349,50.3,14.286,Average,7,1,14.286,"Rajkummar Rao,Patralekha",Drama,5/30/2014,NP,4208,84,1806,1077457,5/1/2014,29
49,Cocktail,41.11191667,53.93333333,16.923,Average,65,11,16.923,"Deepika Padukone,Diana Penty,Saif Ali Khan",Drama,7/13/2012,NP,84554,926,8879,5299664,5/20/2012,54
50,Commando,40,19,40,Semi - Hit,15,6,40,"Vidyut Jamwal,Pooja Chopra",Action,4/12/2013,N,99213,577,7684,3259677,1/25/2013,77
51,Creature 3D,10.58185714,38.85714286,-25.926,Losing,27,-7,-25.926,Bipasha Basu,Horror,9/12/2014,Y,147016,1541,5882,2880646,7/16/2014,58
52,D Day,45.34574167,38.16666667,0,Losing,30,0,0,"Arjun Rampal,Shruti Haasan,Irrfan Khan,Rishi Kapoor,Huma Qureshi",Action,7/19/2013,N,119142,229,1843,1968198,5/22/2013,58
53,Daawat-e-Ishq,107.0389815,36.72222222,-31.429,Losing,35,-11,-31.429,"Aditya Roy Kapoor,Parineeti Chopra,Anupam Kher",Rom-Com,9/19/2014,Y,376321,1374,8326,3906600,7/7/2014,74
54,Dabangg 2,91.93987013,50.41558442,165,Super Hit,60,99,165,"Salman Khan,Sonakshi Sinha",Action,12/21/2012,NP,117277,6506,14451,4718948,11/10/2012,41
55,Dangerous Ishhq,-62.5,21,-62.5,Flop,16,-10,-62.5,Karisma Kapoor,Romance,5/11/2012,N,33178,177,665,641564,4/5/2012,36
56,Darr @ The Mall,116.293875,28.125,-75,Flop,20,-15,-75,Jimmy Shergill,Horror,2/21/2014,Y,279622,68,648,251665,1/20/2014,32
57,David,12.398125,46.43055556,-20,Losing,5,-1,-20,"Vikram,Neil Nitin Mukesh,Vinay Virmani,Tabu,Lara Dutta,Isha Sharvani",Thriller,2/1/2013,None,860644,95,1572,859324,12/13/2012,50
58,Dedh Ishqiya,38.36769196,36.87946429,-10,Losing,30,-3,-10,"Madhuri Dixit,Naseeruddin Shah,Arhsad Warsi,Huma Qureshi",Drama,1/10/2014,Y,793319,591,2436,2333840,11/25/2013,46
59,Delhi Belly,45.5948,30.88333333,116,Hit,25,29,116,"Imran Khan,Vir Das,Kunaal Roy Kapur",Comedy,7/1/2011,NP,254239,242,1826,1768637,6/1/2011,30
60,Department,-19.13035714,32.21428571,-40,Losing,20,-8,-40," Amitabh Bachchan,Sanjay Dutt",Action / Drama,5/18/2012,None,860644,52,538,326910,4/5/2012,43
61,Desi Boyz,57.79250893,46.23571429,92.308,Semi - Hit,65,60,92.308,"Akshay Kumar,John Abraham,Deepika Padukone,Chitrangada Singh",Comedy,11/25/2011,NP,150174,134,1028,885237,10/24/2011,32
62,Dharam Sankat Mein ,164.9122639,32.34722222,-37.5,Losing,16,-6,-37.5,"Paresh Rawal,Annu Kapoor,Naseeruddin Shah",Comedy,4/10/2015,N,367,2493,231,1269860,3/17/2015,24
63,Dhobi Ghat,41.32136667,22.36666667,40,Semi - Hit,10,4,40,"Aamir Khan,Prateik Babbar",Drama,1/21/2011,NP,53998,28,474,418606,11/19/2010,63
64,Dhoom 3,71.2657381,33.8968254,124,Super Hit,125,155,124,"Aamir Khan,Katrina Kaif,Abhishek Bachchan",Action,12/20/2013,Y,4594752,10150,59555,20262919,10/30/2013,51
65,Dil Dhadakne Do,25.60139762,53.58928571,-8.14,Losing,86,-7,-8.14,"Anil Kapoor,Priyanka Chopra,Ranveer Singh,Anushka Sharma,Shefali Shah,Rahul Bose,Farhan Akhtar",Comedy / Drama,6/5/2015,Y,150000,2786,19988,4657298,4/15/2015,51
66,Dil Toh Baccha Hai Ji,51.09906154,37.44711538,21.739,Semi - Hit,23,5,21.739,"Ajay Devgn,Emraan Hashmi,Omi Vaidya,Shruti Haasan",Rom-Com,1/28/2011,NP,42331,5,80,167172,11/27/2010,62
67,Dilliwali Zaalim Girlfriend,-49.07681667,17.33333333,-79.167,Flop,12,-9.5,-79.167,"Divyendu Sharma,Pradhuman Singh,Jackie Shroff,Ira Dubey,Prachi Mishra",Rom-Com,3/20/2015,N,54733,808,4298,2321222,2/16/2015,32
68,Dirty Politics,8.755803241,28.89583333,-53.333,Flop,15,-8,-53.333,"Mallika Sherawat,Jackie Shroff,Ashutosh Rana,Anupam Kher,Om Puri,Naseeruddin Shah",Drama,3/6/2015,N,893,1040,2298,2384414,12/21/2014,75
69,Dishkiyaoon,-17.723125,37,-82.857,Flop,35,-29,-82.857,"Harman Baweja,Sunny Deol",Crime,3/28/2014,NP,950,465,3365,2398508,1/22/2014,65
70,Dolly Ki Doli,54.39193214,40.32857143,-24,Losing,25,-6,-24,"Sonam Kapoor,Pulkit Samrat,Rajkummar Rao,Varun Sharma",Rom-Com,1/23/2015,Y,83285,834,5800,2548366,12/12/2014,42
71,Don 2,48.77529167,42.93611111,33.333,Semi - Hit,75,25,33.333,"Shah Rukh Khan,Priyanka Chopra,Lara Dutta,Kunal Kapoor,Boman Irani,Om Puri",Crime,12/23/2011,Y,2605328,12,489,78105,10/24/2011,60
72,Double Dhamaal,18.6344897,30.7657967,34.286,Semi - Hit,35,12,34.286,"Sanjay Dutt,Mallika Sherawat,Kangana Ranaut,Arshad Warsi",Comedy,6/24/2011,NP,78198,56,664,797261,5/19/2011,36
73,Dum Laga Ke Haisha,131.7819167,19.7,130.769,Super Hit,13,17,130.769,"Ayushmann Khurrana,Bhumi Pednekar,Sanjay Mishra,Seema Pahwa,Sheeba Chaddha,Alka Amin",Rom-Com,2/27/2015,Y,94280,620,8196,3259537,2/5/2015,22
74,Dum Maaro Dum,3.987230952,37.68928571,-14.286,Losing,35,-5,-14.286,"Abhishek Bachchan,Bipasha Basu,Rana Daggubati,Prateik Babbar",Crime,4/22/2011,N,167280,5,34,39441,4/12/2011,10
75,Ek Main Aur Ekk Tu,56.32881111,42.47777778,11.111,Average,36,4,11.111,"Kareena Kapoor Khan,Imran Khan",Rom-Com,2/10/2012,N,736076,228,1837,1310161,11/30/2011,72
76,Ek Tha Tiger,116.5415,45.57142857,120,Super Hit,90,108,120,"Salman Khan,Katrina Kaif",Action,8/15/2012,Y,4690706,2902,14124,6432763,6/26/2012,50
77,Ek Thi Daayan,111.0553901,34.99175824,87.5,Semi - Hit,24,21,87.5,"Emraan Hashmi,Huma Qureshi,Konkona Sen Sharma,Kalki Koechlin",Horror,4/19/2013,None,0,627,3327,1874808,1/9/2013,100
78,Ek Villain,149.9301167,33.78888889,194.444,Super Hit,36,70,194.444,"Siddharth Malhotra,Ritesh Deshmukh,Shraddha Kapoor",Thriller,6/27/2014,N,229231,1100,13644,4525630,5/26/2014,32
79,Ekk Deewana Tha,-28.0953,14.2,-40,Losing,10,-4,-40,"Prateik Babbar,Amy Jackson",Romance,2/17/2012,N,161845,56,764,568971,12/23/2011,56
80,English Vinglish,166.667,19,166.667,Super Hit,15,25,166.667,Sridevi,Comedy / Drama,10/5/2012,NP,91872,612,6626,3204430,8/13/2012,53
81,Entertainment,43.38975,56.92857143,21.667,Semi - Hit,60,13,21.667,"Akshay Kumar,Mithun Chakraborty,Tamannaah Bhatia,Johnny Lever",Comedy,8/8/2014,Y,1504695,2850,20522,6340468,5/19/2014,81
82,F.A.L.T.U.,28.2552125,28.675,15,Average,20,3,15,"Arshad Warsi,Ritesh Deshmukh,Jackky Bhagnani,Puja Gupta",Comedy,4/1/2011,Y,848482,42,182,332412,2/8/2011,52
83,Ferrari Ki Sawaari,31.48608333,29.08333333,190,Super Hit,10,19,190,"Sharman Joshi,Boman Irani",Comedy,6/15/2012,NP,6041,30,243,192934,5/8/2012,38
84,Filmistaan,-46.66675,13,-40,Losing,10,-4,-40,"Sharib Hashmi,Inaamulhaq",Comedy,6/6/2014,NP,815,173,1611,989821,4/16/2014,51
85,Finding Fanny,93.49795833,33.30166667,140,Super Hit,15,21,140,"Deepika Padukone,Arjun Kapoor,Pankaj Kapoor,Naseeruddin Shah,Dimple Kapadia",Comedy,9/12/2014,N,48092,2752,13033,6145833,7/8/2014,66
86,Force,91.40848413,30.14285714,116.667,Hit,12,14,116.667,"John Abraham,Genelia D'Souza,Raj Babbar",Action,9/30/2011,NP,199,22,319,329209,8/17/2011,44
87,Fugly,10.32346875,22.78125,-25,Losing,16,-4,-25,"Jimmy Shergill,Mohit Marwah,Kiara Advani,Vijender Singh",Drama,6/13/2014,NP,1363,556,2964,2343900,4/7/2014,67
88,Fukrey,357.9818,44.43333333,640,Blockbuster,5,32,640,"Pulkit Samrat,Ali Fazal,Manjot Singh,Priya Anand,Richa Chadda",Comedy,6/14/2013,Y,789303,51,276,106325,4/12/2013,63
89,Gabbar is Back,29.1705,56.99285714,19.444,Average,72,14,19.444,"Akshay Kumar,Shruti Haasan,Suman Talwar,Sunil Grover,Kareena Kapoor Khan Khan",Action,5/1/2015,Y,622013,1899,24104,5003859,3/23/2015,39
90,Game,32.31998486,31.14049145,-65,Flop,20,-13,-65,"Abhishek Bachchan,Kangana Ranaut,Gauhar Khan,Jimmy Shergill,Boman Irani,Anupam Kher",Thriller,4/1/2011,NP,1799,2,25,21382,12/9/2010,113
91,Gangs Of Wasseypur,186.0550595,62.56994048,193.478,Super Hit,9.2,17.8,193.478,"Manoj Bajpai,Tigmanshu Dhulia,Nawazuddin Siddiqui,Reemma Sen,Huma Qureshi,Richa Chadda,Syed Zeeshan Qadri,Jaideep Ahlawat",Crime,6/29/2012,N,467643,165,1841,1274650,5/10/2012,50
92,Gangs Of Wasseypur 2,233.8075794,61.5515873,378.261,Blockbuster,9.2,34.8,378.261,"Aditya Kumar,Nawazuddin Siddiqui,Vineet Kumar Singh,Huma Qureshi,Richa Chadda,Tigmanshu Dhulia",Crime,8/8/2012,NP,7122,195,3418,1422334,7/5/2012,34
93,Ghanchakkar,160.0526731,33.18589744,26.667,Semi - Hit,30,8,26.667,"Emraan Hashmi,Vidya Balan",Comedy,6/28/2013,NP,3546,618,5121,2296107,3/28/2013,92
94,Gippi,47.49233333,40.16666667,66.667,Semi - Hit,3,2,66.667,"Riya Vij,Taaha Shah,Divya Dutta",Kids,5/10/2013,N,105624,577,2936,1643982,4/1/2013,39
95,Go Goa Gone,12.49891667,40.91666667,38.889,Semi - Hit,18,7,38.889,"Saif Ali Khan,Vir Das,Kunal Khemu,",Comedy,5/10/2013,N,1670,978,10229,4394971,3/25/2013,46
96,Gori Tere Pyaar Mein!,56.32881111,42.47777778,-53.333,Flop,30,-16,-53.333,"Imran Khan,Kareena Kapoor Khan",Rom-Com,11/22/2013,Y,548689,1878,8679,3887617,9/9/2013,74
97,Grand Masti,130.0413083,42.95,194.286,Super Hit,35,68,194.286,"Ritesh Deshmukh,Vivek Oberoi,Aftab Shivdasani,Sonalee Kulkarni,Karishma Tanna,Manjari Fadnis",Comedy,9/13/2013,N,151924,1003,4866,3397775,7/17/2013,58
98,Gulaab Gang,-38.611,35,-48.148,Losing,27,-13,-48.148,"Juhi Chawla,Madhuri Dixit",Biopic,3/7/2014,Y,69770,1605,13221,4688338,1/9/2014,57
99,Gunday,74.30556667,42.11111111,48.077,Semi - Hit,52,25,48.077,"Ranveer Singh,Priyanka Chopra,Arjun Kapoor",Drama,2/14/2014,Y,1266160,935,6286,2469654,12/13/2013,63
100,Haider,115.3783482,32.85357143,141.667,Super Hit,24,34,141.667,"Shahid Kapoor,Tabu,Shraddha Kapoor,Kay Kay Menon",Drama,10/2/2014,NP,39820,2447,23615,7052828,7/8/2014,86
101,Happy Ending,35.41678869,47.0297619,-60.2,Flop,55,-33.11,-60.2,"Saif Ali Khan,Govinda,Ileana D'Cruz,Kalki Koechlin",Rom-Com,11/21/2014,NP,2502,1125,6947,5194852,10/9/2014,43
102,Happy New Year,28.78324524,32.5952381,35.333,Semi - Hit,150,53,35.333,"Shah Rukh Khan,Deepika Padukone,Abhishek Bachchan,Boman Irani,Sonu Sood,Vivaan Shah,Jackie Shroff",Comedy,10/24/2014,Y,4585533,10306,37666,6402261,8/14/2014,71
103,Hasee Toh Phasee,77.58608333,37.25,50,Semi - Hit,24,12,50,"Parineeti Chopra,Siddharth Malhotra",Rom-Com,2/7/2014,Y,1045087,975,6394,2545152,12/13/2013,56
104,Hate Story,-12.5,21,-12.5,Losing,16,-2,-12.5,"Nikhil Dwivedi,Gulshan Devaiya,Paoli Dam",Thriller,4/20/2012,NP,10838,958,2763,4502389,3/16/2012,35
105,Hate Story 2,48.80358333,23.25,40,Semi - Hit,15,6,40,"Sushant Singh,Surveen Chawla,Jay Bhanushali",Thriller,7/18/2014,Y,938280,5236,15731,13801339,6/5/2014,43
106,Haunted,184.211,72,184.211,Super Hit,9.5,17.5,184.211,"Mahaakshay Chakraborty,Twinkle Bajpai",Horror,5/6/2011,NP,5989,4,49,120582,4/7/2011,29
107,Hawaa Hawaai,40.8335,33.875,-33.333,Losing,15,-5,-33.333,"Partho Gupte,Saqib Saleem",Kids,5/9/2014,N,42855,95,1377,765138,4/2/2014,37
108,Hawaizaada,79.7655,30.1,-88,Flop,25,-22,-88,"Ayushmann Khurrana,Pallavi Sharda",Drama,1/30/2015,NP,7875,539,2618,2370530,12/23/2014,38
109,Heroine,27.49953968,40.20634921,91.304,Semi - Hit,23,21,91.304,"Kareena Kapoor Khan,Arjun Rampal",Drama,9/21/2012,N,8524,1940,7282,5200978,7/25/2012,58
110,Heropanti,120,31,120,Super Hit,25,30,120,"Tiger Shroff,Kriti Sanon",Action,5/23/2014,Y,1825350,1815,8195,4009133,4/4/2014,49
111,Hey Bro,-96,31,-96,Flop,25,-24,-96,"Ganesh Acharya,Maninder Singh,Nupur Sharma,Hanif Hilal,Indira Krishnan,Prem Chopra",Comedy,3/6/2015,N,843,703,2062,1150768,1/15/2015,50
112,Highway,95.168525,37.875,-15.625,Losing,32,-5,-15.625,"Alia Bhatt,Randeep Hooda",Drama,2/21/2014,Y,1017738,9107,971,3045478,12/16/2013,67
113,Himmatwala,60.12024444,44.55555556,86,Semi - Hit,50,43,86,"Ajay Devgn,Tamannaah Bhatia,Paresh Rawal",Action,3/29/2013,NP,3518,0,0,2535303,1/24/2013,64
114,Holiday,63.55897727,52.62987013,126,Super Hit,50,63,126,"Akshay Kumar,Sonakshi Sinha",Action,6/6/2014,Y,1944071,1997,14184,6842265,2/12/2014,114
115,Horror Story,0,52,0,Losing,5,0,0,"Karan Kundra,Nishant Malkani,Ravish Desai,Hasan Zaidi",Horror,9/13/2013,N,135734,395,1902,1057824,8/21/2013,23
116,Housefull 2,128,54,128,Super Hit,50,64,128,Sajid Khan,Comedy,4/6/2012,NP,230090,694,3390,2683798,2/9/2012,57
117,Hum Tum Shabana,-15.48211905,30.4047619,-92,Flop,25,-23,-92,"Tusshar Kapoor,Shreyas Talpade,Minissha Lamba",Rom-Com,9/30/2011,NP,1378,4,64,144443,8/11/2011,50
118,Humpty Sharma Ki Dulhania,95.0545,40.875,165.517,Super Hit,29,48,165.517,"Alia Bhatt,Varun Dhawan",Rom-Com,7/11/2014,Y,2954464,2209,14542,6607695,5/25/2014,47
119,Humshakals,63.904675,45.1,-8.571,Losing,70,-6,-8.571,"Saif Ali Khan,Ritesh Deshmukh",Comedy,6/20/2014,Y,647310,0,0,6281364,4/30/2014,51
120,Hunterr,11.0714,16.6,0.746,Average,13.4,0.1,0.746,"Gulshan Devaiah,Radhika Apte,Sai Tamhankar,Veera Saxena,Sagar Deshmukh",Adult Comedy,3/20/2015,Y,110327,788,3759,4690757,1/15/2015,64
121,I Me Aur Main,17.31806746,39.47619048,-55,Flop,20,-11,-55,"John Abraham,Prachi Desai,Chitrangada Singh",Rom-Com,3/1/2013,NP,1425,800,2603,2046390,1/28/2013,32
122,Inkaar,2.569553571,41.42857143,-71.875,Flop,32,-23,-71.875,"Arjun Rampal,Chitrangada Singh",Drama,1/18/2013,N,89554,116,904,1098134,12/14/2012,35
123,Ishaqzaade,73.99991667,35.33333333,200,Super Hit,15,30,200,"Parineeti Chopra,Arjun Kapoor",Romance,5/11/2012,NP,970077,164,1441,908390,3/15/2012,57
124,Issaq,-33.87105,27.2,-66.667,Flop,15,-10,-66.667,"Prateik Babbar,Amyra Dastur",Romance,7/26/2013,N,190273,19,88,78059,6/11/2013,45
125,Jab Tak Hai Jaan,62.8363381,42.31071429,101.667,Hit,60,61,101.667,"Shah Rukh Khan,Katrina Kaif,Anushka Sharma",Romance,11/13/2012,Y,4488762,4870,41297,8728822,9/20/2012,54
126,Jackpot,49.07954167,45.95833333,-50,Flop,8,-4,-50,"Sunny Leone,Naseeruddin Shah, Sachiin J Joshi",Crime,12/13/2013,NP,726,76,269,292309,11/12/2013,31
127,Jai Ho,133.1532857,46.28571429,0,Losing,111,0,0,Salman Khan,Action,1/24/2014,N,239,407,2787,871709,12/15/2013,40
128,Jannat 2,86.83721538,31.73504274,50,Semi - Hit,28,14,50,"Emraan Hashmi,Esha Gupta,Randeep Hooda",Drama,5/4/2012,N,1384128,160,1620,1092694,4/3/2012,31
129,Jayantabhai Ki Luv Story,29.550625,35.08333333,-33.333,Losing,6,-2,-33.333,"Vivek Oberoi,Neha Sharma",Comedy,2/15/2013,NP,2984,166,1242,1059886,1/11/2013,35
130,Jism 2,113.9309,38.75,385.714,Blockbuster,7,27,385.714,"Sunny Leone,Randeep Hooda", Thriller,8/3/2012,N,21256,219,448,1014416,7/20/2012,14
131,Jodi Breakers,30.52892857,30.92857143,-52.381,Flop,21,-11,-52.381,"Bipasha Basu,R Madhavan",Rom-Com,2/24/2012,N,5097,20,255,173701,1/4/2012,51
132,John Day,76.4412125,31.1875,-82.353,Flop,17,-14,-82.353,"Naseeruddin Shah,Randeep Hooda",Action,9/13/2013,N,45519,203,865,1232529,7/27/2013,48
133,Joker,17.03931818,49.25324675,-60,Flop,50,-30,-60,"Akshay Kumar,Sonakshi Sinha,Minissha Lamba",Comedy,8/31/2012,NP,29,3720,5037,3230731,7/11/2012,51
134,Jolly LLB,13.3995,26.5,220,Super Hit,10,22,220,Arshad Warsi,Comedy,3/15/2013,N,5130,183,3073,1776598,1/8/2013,66
135,Kaanchi,-88.571,41,-88.571,Flop,35,-31,-88.571,"Mishti,Karthik Aryan",Romance,4/25/2014,None,0,2808,595,2361680,3/6/2014,50
136,Kahaani,221.3465,35.83333333,637.5,Blockbuster,8,51,637.5,Vidya Balan,Thriller,3/9/2012,N,488093,124,286,625337,1/5/2012,64
137,Kai Po Che!,88.81428333,36.85833333,113.333,Hit,30,34,113.333,"Sushant Singh Rajput,Asif Basra,Amit Sadh,Rajkummar Rao",Drama,2/22/2013,NP,14565,519,5734,1923886,12/20/2012,64
138,Kamaal Dhamaal Malamaal,-7.0884375,29.3125,-46.667,Losing,15,-7,-46.667,"Nana Patekar,Paresh Rawal,Om Puri,Shreyas Talpade",Comedy,9/28/2012,NP,806,81,191,96545,8/17/2012,42
139,Karle Pyaar Karle,-94.444,23,-94.444,Flop,18,-17,-94.444,"Shiv Darshan,Hasleen Kaur",Romance,1/17/2014,N,38102,128,298,502877,12/27/2013,21
140,Khamoshiyan ,129.3941667,14.5,27.273,Semi - Hit,11,3,27.273,"Ali Fazal,Gurmeet Choudhary,Sapna Pabbi",Horror,1/30/2015,NP,15416,1010,4641,3100238,12/11/2014,50
141,Khiladi 786,88.19575,45.85714286,100,Semi - Hit,35,35,100,"Akshay Kumar,Asin",Action,12/7/2012,NP,12530,2720,6725,3533002,11/12/2012,25
142,Khoobsurat,-1.247285714,36.35714286,2.081,Average,25.47,0.53,2.081,"Sonam Kapoor,Fawad Khan",Rom-Com,9/19/2014,NP,64295,2042,12361,5495318,7/21/2014,60
143,Kick,133.0766429,26.14285714,133,Super Hit,100,133,133,"Salman Khan,Jacquline Fernandez",Action,7/25/2014,Y,3290155,10110,101784,18992158,6/15/2014,40
144,Kill Dil,27.264425,42.95833333,-29.205,Losing,44,-12.85,-29.205,"Ranveer Singh,Ali Zafar,Govinda,Parineeti Chopra",Drama,11/14/2014,Y,152809,1306,8311,3396755,9/17/2014,58
145,Kismet Love Paisa Dilli,-5.76875,32.125,-60,Flop,10,-6,-60,"Vivek Oberoi,Mallika Sherawat",Comedy,10/5/2012,NP,275,76,180,146712,8/29/2012,37
146,Krrish 3,78.36929103,36.79487179,109.565,Hit,115,126,109.565,"Hrithik Roshan,Priyanka Chopra,Kangana Ranaut",Action / Sci Fi,10/31/2013,Y,3788072,12119,72763,23767666,8/5/2013,87
147,Kuch Kuch Locha Hain,-19.4274375,22.66889881,-75,Flop,16,-12,-75,"Ranbir Kapoor,Anushka Sharma,Karan Johar,Kay Kay Menon,Manish Chaudhary,Satyadeep Misra,Siddharth Basu,Vivaan Shah",Comedy,5/8/2015,NP,4044,2798,8500,5014508,3/30/2015,39
148,Kya Dilli Kya Lahore,-38.70344444,43.16666667,-83.333,Flop,6,-5,-83.333,"Vijay Raaz,Manu Rishi,Raj Zutshi",Drama,5/2/2014,N,195290,64,2020,492849,4/2/2014,30
149,Kyaa Super Kool Hain Hum,103.7253646,27.3468254,246.154,Super Hit,13,32,246.154,"Tusshar Kapoor,Ritesh Deshmukh,Sarah Jane Dias,Neha Sharma,Anupam Kher,Chunky Pandey",Adult Comedy,7/27/2012,N,359,60,443,300093,4/2/2012,116
150,Ladies Vs Ricky Bahl,42.0544,32.94166667,85,Semi - Hit,20,17,85,"Ranveer Singh,Parineeti Chopra,Anushka Sharma,Dipannita Sharma,Aditi Sharma",Rom-Com,12/9/2011,NP,311120,240,1469,1502301,11/9/2011,30
151,Leela ,61.72641667,26.08333333,47.611,Semi - Hit,18,8.57,47.611,"Sunny Leone,Jay Bhanushali,Rajneesh Duggal,Rahul Dev,Mohit Ahlawat,Jas Arora",Thriller,4/10/2015,N,140013,7026,24744,16207624,2/5/2015,64
152,Lekar Hum Deewana Dil,-81.25,21,-81.25,Flop,16,-13,-81.25," Armaan Jain,Deeksha Seth",Rom-Com,7/4/2014,NP,1434,498,2309,3999397,5/7/2014,58
153,London Paris New York,47.81976667,43.16666667,28.571,Semi - Hit,7,2,28.571,"Ali Zafar,Aditi Rao Hydari",Rom-Com,3/2/2012,NP,7925,117,1503,752987,1/13/2012,49
154,Lootera,52.43264394,50.02272727,14.815,Average,27,4,14.815,"Sonakshi Sinha,Ranveer Singh",Drama,7/5/2013,N,243834,828,4444,2607950,3/15/2013,112
155,Love Breakups Zindagi,-63.125,15.25,-80,Flop,10,-8,-80,"Zayed Khan,Dia Mirza",Rom-Com,10/7/2011,NP,5217,22,390,311210,8/16/2011,52
156,Luv Ka The End,221.52775,23.5,-58.333,Flop,12,-7,-58.333,Shraddha Kapoor,Rom-Com,5/6/2011,NP,77669,149,484,580133,3/30/2011,37
157,Luv Shuv Tey Chicken Khurana,115.7075714,48.07142857,166.667,Super Hit,3,5,166.667,"Kunal Kapoor,Huma Qureshi",Comedy,11/2/2012,NP,2024,131,930,756023,9/13/2012,50
158,Madras Cafe,44.05428571,38.42857143,28.571,Semi - Hit,35,10,28.571,John Abraham,Drama,8/23/2013,N,350820,604,3051,1437733,7/12/2013,42
159,Main Tera Hero,70.77102778,46.61111111,41.026,Semi - Hit,39,16,41.026,"Varun Dhawan,Ileana D'Cruz,Nargis Fakhri",Rom-Com,4/4/2014,Y,1410747,2140,12665,4907206,1/23/2014,71
160,Manjunath,-38.70344444,43.16666667,-33.333,Losing,3,-1,-33.333,"Vijay Raaz,Manu Rishi,Raj Zutshi",Drama,5/9/2014,N,19235,35,991,370304,4/1/2014,38
161,Mardaani,107.41075,22.25,157.143,Super Hit,14,22,157.143,Rani Mukherjee,Thriller,8/22/2014,Y,258423,1036,14450,4379649,6/24/2014,59
162,Margarita With a Straw,555.0420952,7.380952381,640.741,Blockbuster,0.54,3.46,640.741,"Kalki Koechlin,Revathi,Sayani Gupta,Kuljeet Singh,Malhar Khushu,William Moseley",Drama,4/17/2015,Y,38383,108,2228,594322,3/4/2015,44
163,Mary Kom,75.9502,44,326.667,Blockbuster,15,49,326.667,Priyanka Chopra,Biopic,9/5/2014,Y,289814,1648,26604,6088430,7/23/2014,44
164,Mastram,500,1,500,Blockbuster,0.5,2.5,500,"Kapil Dubey,Harshith D,Rahul Bagga,Tara Alisha",Drama,5/9/2014,Y,54870,1365,3929,3563295,2/14/2014,84
165,Matru Ki Bijlee Ka Mandola,45.24446667,36.925,-6.667,Losing,45,-3,-6.667,"Anushka Sharma,Imran Khan,Pankaj Kapoor",Comedy / Drama,1/11/2013,N,419720,652,4337,2466509,10/14/2012,89
166,Mausam,16.96221429,40.95714286,2.5,Average,40,1,2.5,"Shahid Kapoor,Sonam Kapoor",Romance,9/23/2011,NP,7274,139,1912,1528602,7/12/2011,73
167,Mere Brother Ki Dulhan,116.7778286,43.81428571,227.586,Super Hit,29,66,227.586,"Imran Khan,Katrina Kaif,Ali Zafar,Tara D’Souza",Rom-Com,9/9/2011,N,1514833,318,2328,2065953,7/12/2011,59
168,Mere Dad Ki Maruti,145,50.91666667,160,Super Hit,5,8,160,"Saqib Saleem,Rhea Chakraborty,Ram Kapoor",Comedy,3/15/2013,NP,3189,135,1246,584611,11/11/2012,124
169,Mickey Virus,-36.364,7,-36.364,Losing,11,-4,-36.364," Manish Paul,Elli Avram",Comedy,10/25/2013,N,1022,130,531,203020,9/20/2013,35
170,Miss Lovely,-16.78011111,49,-77.778,Flop,4.5,-3.5,-77.778,"Nawazuddin Siddiqui,Niharika Singh,Menaka Lalwani",Drama,1/17/2014,NP,386,95,330,813181,5/27/2014,-130
171,Mr Joe B. Carvalho,-28.376125,25.20833333,-73.333,Flop,15,-11,-73.333,"Arshad Warsi,Soha Ali Khan,Javed Jaffrey,Vijay Raaz",Comedy,1/3/2014,N,41197,43,497,911317,11/25/2013,39
172,Mr X ,4.388336538,39.75961538,-36.436,Losing,39,-14.21,-36.436,"Emraan Hashmi,Amyra Dastur,Arunoday Singh,Tanmay Bhatt",Thriller,4/17/2015,NP,11617,152,717,461828,3/9/2015,39
173,MSG,35,26,35,Semi - Hit,20,7,35,"Gurmeet Ram Rahim Singh Ji Insan,Jayshree Soni,Flora Asha Saini,Gaurav Gera",Religious,2/13/2015,Y,125361,11168,41815,3271100,12/18/2014,57
174,Mujhse Fraaandship Karoge,244.69825,57.9375,300,Blockbuster,8,24,300,"Saqib Saleem,Saba Azad,Nishant Dahiya,Tara D’Souza",Rom-Com,10/14/2011,NP,8814,69,686,360192,9/6/2011,38
175,Murder 2,123.1294231,33.76923077,360,Blockbuster,10,36,360,"Emraan Hashmi,Jacqueline Fernandez",Thriller,7/8/2011,N,2374250,6,45,50310,6/1/2011,37
176,Murder 3,45.86204444,38.94444444,75,Semi - Hit,12,9,75,"Randeep Hooda,Aditi Rao Hydari,Sara Loren",Thriller,2/15/2013,N,1951,760,1927,2297673,1/7/2013,39
177,Nasha,-20,5,-20,Losing,10,-2,-20,Poonam Pandey,Drama,7/26/2013,N,187027,198,304,662499,7/13/2013,13
178,Nautanki Saala,74.35933333,23.2,31.25,Semi - Hit,16,5,31.25,"Ayushmann Khurrana,Kunaal Roy Kapur,Pooja Salvi,Gaelyn Mendonca,Evelyn Sharma,Sanjeev Bhatt",Rom-Com,4/12/2013,N,512971,344,1444,1217386,2/6/2013,65
179,NH 10,32.205625,30.96875,39.565,Semi - Hit,23,9.1,39.565,"Anushka Sharma,Neil Bhoopalam,Darshan Kumaar,Deepti Naval",Thriller,3/13/2015,NP,9330,1532,15525,5600719,2/5/2015,36
180,No One Killed Jessica,164.378625,29.04166667,190,Super Hit,10,19,190,"Rani Mukherjee,Vidya Balan",Biopic,1/7/2011,NP,35478,61,894,1247853,11/17/2010,51
181,O Teri,13.507875,25,-76.562,Flop,16,-12.25,-76.562,"Pulkit Samrat,Bilal Amrohi,Sarah Jane Dias,Mandira Bedi",Comedy,3/28/2014,Y,320050,278,3003,1511883,1/23/2014,64
182,OMG Oh My God!,65.07466667,39.69047619,310,Blockbuster,20,62,310,"Akshay Kumar,Paresh Rawal",Comedy / Drama,9/28/2012,N,155683,207,1405,1010293,8/16/2012,43
183,Once Upon A Time In Mumbaai Dobaara!,69.92172718,34.98461538,103.125,Hit,32,33,103.125,"Ajay Devgn,Emraan Hashmi,Kangana Ranaut,Prachi Desai,Randeep Hooda",Drama,8/15/2013,N,1436183,2835,9264,3122932,5/28/2013,79
184,One By Two,-6.30315,30.8,-80,Flop,15,-12,-80,"Abhay Deol,Preeti Desai",Rom-Com,1/31/2014,Y,81058,212,1082,1017884,12/18/2013,44
185,Paan Singh Tomar,70.211375,36.25,233.333,Super Hit,4.5,10.5,233.333,Irrfan Khan,Drama,3/2/2012,N,24610,22,603,446421,2/7/2012,24
186,Patiala House,33.07044444,39.97420635,23.077,Semi - Hit,26,6,23.077,"Akshay Kumar,Anushka Sharma,Rishi Kapoor",Sports ,2/11/2011,NP,226617,60,233,436618,12/23/2010,50
187,Phata Poster Nikhla Hero,38.5,41.2,-5,Losing,40,-2,-5,Shahid Kapoor,Comedy / Action,9/20/2013,N,69478,1411,10797,5262921,7/14/2013,68
188,Piku,78.57678819,40.90138889,125.714,Super Hit,35,44,125.714,"Amitabh Bachchan,Deepika Padukone,Irrfan Khan,Moushumi Chatterjee",Drama,5/8/2015,Y,303547,1530,18980,5521602,4/13/2015,25
189,Pizza 3D,-46.94416667,20.16666667,-73.333,Flop,15,-11,-73.333," Akshay Oberoi,Parvathy Omanakuttan,Dipannita Sharma",Horror,7/18/2014,None,0,159,1135,839923,5/22/2014,57
190,Players,13.95134048,39.61428571,-35.556,Losing,45,-16,-35.556,"Abhishek Bachchan,Sonam Kapoor,Bipasha Basu,Neil Nitin Mukesh,Bobby Deol",Crime,1/6/2012,N,380141,236,618,814656,11/3/2011,64
191,Policegiri,-10.07301587,33.80952381,-36,Losing,25,-9,-36,"Sanjay Dutt,Prakash Raj,Prachi Desai",Comedy,7/5/2013,N,146680,437,1743,1815639,5/28/2013,38
192,Prague,-50,25,-50,Flop,2,-1,-50,"Chandan Roy Sanyal,Elena Kazan",Drama,9/27/2013,NP,25,13,19,34520,12/4/2013,-68
193,Purani Jeans,-93.333,19,-93.333,Flop,15,-14,-93.333,"Tanuj Virwani,Aditya Seal,Izabelle Leite",Rom-Com,5/2/2014,NP,2879,229,825,1538011,3/20/2014,43
194,Pyaar Ka Punchnama,42.31488889,52.88888889,57.143,Semi - Hit,7,4,57.143,"Kartik Tiwari,Raayo S Bakhirta,Divyendu Sharma",Comedy / Drama,5/20/2011,Y,245351,4,240,232531,4/14/2011,36
195,Queen,98.28062821,33.35897436,388,Blockbuster,12.5,48.5,388,"Kangana Ranaut,Lisa Haydon",Comedy,3/7/2014,Y,646154,5371,442,2928984,12/20/2013,77
196,R… Rajkumar,44.61322727,47.87272727,60,Semi - Hit,40,24,60,"Shahid Kapoor,Sonakshi Sinha",Action,12/6/2013,NP,18770,2819,60161,6150177,10/1/2013,66
197,Ra.One,44.48362646,41.87089947,19.259,Average,135,26,19.259,"Shah Rukh Khan,Arjun Rampal,Kareena Kapoor Khan",Action / Sci Fi,10/26/2011,NP,675021,381,1480,1654446,10/13/2011,13
198,Raanjhanaa,6.86537619,39.93809524,80,Semi - Hit,35,28,80,"Dhanush,Sonam Kapoor,Abhay Deol",Romance,6/21/2013,NP,88314,1033,12586,5559246,4/23/2013,59
199,Raaz 3,59.78023443,33.35409035,180,Super Hit,25,45,180,"Emraan Hashmi,Bipasha Basu,Esha Gupta",Horror,9/7/2012,N,546483,709,3592,3407955,7/31/2012,38
200,Race 2,64.59979762,48.74642857,70,Semi - Hit,60,42,70,"Anil Kapoor,Saif Ali Khan,Deepika Padukone,John Abraham,Jacqueline Fernandez,Ameesha Patel",Action,1/25/2013,NP,85216,2179,12940,7865048,11/12/2012,74
201,Ragini MMS,362.0459,20.8,592.308,Blockbuster,1.3,7.7,592.308,"Rajkummar Rao,Kainaz Motivala",Horror,5/13/2011,NP,31591,41,15,75492,4/21/2011,22
202,Ragini MMS 2,136.109,43.5,161.111,Super Hit,18,29,161.111,Sunny Leone,Horror,3/21/2014,N,857257,2719,6813,5421650,2/2/2014,47
203,Raja Natwarlal,97.72294078,28.30647131,-14.286,Losing,35,-5,-14.286,"Emraan Hashmi,Paresh Rawal,Kay Kay Menon",Thriller,8/29/2014,NP,8775,1157,8218,4051325,7/18/2014,42
204,Rajjo,82.28592308,30.38461538,-83.333,Flop,12,-10,-83.333,Kangana Ranaut,Drama,11/15/2013,N,127636,1088,1617,1737162,9/26/2013,50
205,Ramaiya Vastavaiya,7.231,40.125,3.333,Average,30,1,3.333,"Girish Kumar,Shruti Haasan",Rom-Com,7/19/2013,N,170193,710,4290,3910410,4/25/2013,85
206,Ramleela,80.50241667,46.65,214.286,Super Hit,35,75,214.286,"Ranveer Singh,Deepika Padukone",Romance,11/15/2013,N,40177,4419,22137,9724764,9/16/2013,60
207,Rang Rasiya,16.7099,22.5,-58.333,Flop,12,-7,-58.333,"Randeep Hooda,Nandana Sen",Drama,11/7/2014,Y,38151,175,730,1129472,9/25/2014,43
208,Rangrezz,62.11958333,26.5,-60,Flop,15,-9,-60,"Jackky Bhagnani,Priya Anand,Rajpal Yadav",Drama,3/21/2013,NP,1646,70,171,319084,2/4/2013,45
209,Rascals,54.47015985,37.6007326,-22.222,Losing,45,-10,-22.222,"Ajay Devgn,Sanjay Dutt,Kangana Ranaut,Lisa Haydon,Arjun Rampal",Comedy,10/6/2011,NP,55617,47,220,362317,8/10/2011,57
210,Ready,133.1532857,46.28571429,200,Super Hit,40,80,200,Salman Khan,Action,6/3/2011,NP,176167,303,1528,1839961,4/14/2011,50
211,Revolver Rani,-4.319269231,32.65865385,-61.538,Flop,26,-16,-61.538,"Kangana Ranaut,Vir Das,Piyush Mishra,Zakir Hussain",Drama,4/25/2014,Y,120009,394,3013,1745467,3/5/2014,51
212,Roar,18.571,62,18.571,Average,7,1.3,18.571,"Abhinav Shukla,Himarsha Venkatsamy,Achint Kaur,Subrat Dutta,Nora Fatehi,Ali Quli Mirza,Aadil Chahal,Varinder Singh,Ghuman",Action,10/31/2014,Y,314003,78,522,282946,7/31/2014,92
213,Rockstar,50.33042857,47.96428571,80,Semi - Hit,60,48,80,"Ranbir Kapoor,Nargis Fakhri",Drama,11/11/2011,NP,26112,367,3146,1986285,8/30/2011,73
214,Rowdy Rathore,63.55897727,52.62987013,191.111,Super Hit,45,86,191.111,"Akshay Kumar,Sonakshi Sinha",Action,6/1/2012,NP,388221,1655,5407,3519138,4/2/2012,60
215,Roy ,62.9762381,38.76190476,12.5,Average,40,5,12.5,"Arjun Rampal,Jacqueline Fernandez,Ranbir Kapoor",Thriller,2/13/2015,Y,157896,3239,19013,7690714,12/16/2014,59
216,Rush,34.37942308,29.51923077,-86.667,Flop,30,-26,-86.667,"Emraan Hashmi,Neha Dhupia",Thriller,10/26/2012,NP,471,44,241,182595,9/28/2012,28
217,Saheb Biwi Aur Gangster,140.4600583,31.20833333,400,Blockbuster,4,16,400,"Jimmy Shergill,Mahi Gill,Randeep Hooda",Thriller,9/30/2011,N,1654,0,5,6298,3/29/2012,-181
218,Saheb Biwi Aur Gangster Returns,91.9041875,28.55208333,26.667,Semi - Hit,15,4,26.667,"Jimmy Shergill,Mahi Gill,Irrfan Khan,Soha Ali Khan",Drama,3/8/2013,NP,1150,190,1042,1200536,1/31/2013,36
219,Samrat & Co.,-86.667,19,-86.667,Flop,15,-13,-86.667, Rajeev Khandelwal,Crime,4/25/2014,NP,1675,180,531,371613,3/18/2014,38
220,Satya 2,-86.667,19,-86.667,Flop,15,-13,-86.667,Puneet Singh Ratn,Crime,11/8/2013,N,109740,27,90,115355,9/30/2013,39
221,Satyagraha,46.00113333,44.03703704,36,Semi - Hit,50,18,36,"Amitabh Bachchan,Kareena Kapoor Khan,Ajay Devgn",Drama,8/30/2013,N,6396,399,2754,1437733,6/26/2013,65
222,Shaadi Ke Side Effects,128.494,46.16666667,-20.93,Losing,43,-9,-20.93,"Farhan Akhtar,Vidya Balan",Rom-Com,2/28/2014,N,12075,1466,9028,4593905,10/28/2013,123
223,Shahid,91.00648889,54.86666667,-37.008,Losing,6.35,-2.35,-37.008,"Rajkummar Rao,Tigmanshu Dhulia,K K Menon",Biopic,10/18/2013,None,0,414,3217,1203294,9/20/2013,28
224,Shaitan,10.58872619,15.1547619,-27.273,Losing,11,-3,-27.273,"Rajit Kapoor,Rajeev Khandelwal,Kalki Koechlin,Pawan Malhotra",Thriller,6/10/2011,NP,23860,41,279,383720,4/20/2011,51
225,Shamitabh ,-8.383574074,44.68518519,-51.111,Flop,45,-23,-51.111,"Amitabh Bachchan,Dhanush,Akshara",Drama,1/30/2015,NP,2152,1270,12292,2105208,1/6/2015,24
226,Shanghai,61.5084044,31.10604396,10,Average,20,2,10,"Abhay Deol,Emraan Hashmi,Kalki Koechlin,Prosenjit Chatterjee",Drama,6/8/2012,N,123887,58,1134,547862,4/6/2012,63
227,Shirin Farhad Ki Toh Nikal Padi,10.23625,19.91666667,-8.333,Losing,12,-1,-8.333,"Farah Khan,Boman Irani",Rom-Com,8/24/2012,NP,1438,217,1288,837831,5/29/2012,87
228,Sholay 3D,41.59122222,32.27777778,-45,Losing,20,-9,-45,"Amitabh Bachchan,Dharmendra",Drama,1/3/2014,N,67386,288,2119,1009039,11/7/2013,57
229,Shootout At Wadala,67.31884604,41.87843407,29.167,Semi - Hit,48,14,29.167,"John Abraham,Anil Kapoor,Kangana Ranaut,Sonu Sood,Manoj Bajpai,Ronit Roy,Mahesh Manjrekar,Tusshar Kapoor",Action / Drama,5/3/2013,N,669085,147,900,843763,1/27/2013,96
230,Shor In The City,36.29554762,29.57142857,33.333,Semi - Hit,3,1,33.333,"Sendhil Ramamurthy,Preeti Desai,Tusshar Kapoor",Crime,4/29/2011,NP,7466,1,35,65126,3/29/2011,31
231,Shuddh Desi Romance,60.65983333,35.05555556,56.667,Semi - Hit,30,17,56.667,"Sushant Singh Rajput,Parineeti Chopra,Vaani Kapoor",Rom-Com,9/6/2013,N,803,1019,5617,3725485,7/11/2013,57
232,Singh Saab The Great,47.41075,33,12.5,Average,32,4,12.5,Sunny Deol,Drama,11/22/2013,NP,16743,108,901,245441,10/28/2013,25
233,Singham,72.7694,48,400,Blockbuster,20,80,400,Ajay Devgn,Action,7/22/2011,NP,510094,502,4006,3334539,6/3/2011,49
234,Singham Returns,91.93987013,50.41558442,60.227,Semi - Hit,88,53,60.227,"Salman Khan,Sonakshi Sinha",Action,8/15/2014,NP,15044,2908,20049,8290039,7/11/2014,35
235,Son Of Sardaar,61.74792727,51.27272727,90.909,Semi - Hit,55,50,90.909,"Ajay Devgn,Sonakshi Sinha",Comedy,11/13/2012,Y,262272,51,127,49596,7/19/2012,117
236,Special Chabbis (26),74.60120486,42.64732143,169.231,Super Hit,26,44,169.231,"Akshay Kumar,Anupam Kher,Jimmy Shergill,Manoj Bajpai",Thriller,2/8/2013,NP,36058,576,6292,1859738,12/20/2012,50
237,Speedy Singhs,-39.83318519,36.83333333,-84,Flop,25,-21,-84,"Vinay Virmani,Camilla Belle,Anupam Kher",Sports,9/23/2011,NP,2952,82,1732,1001584,8/18/2011,36
238,Student Of The Year,96.703,40.80555556,55.556,Semi - Hit,45,25,55.556,"Siddharth Malhotra,Varun Dhawan,Alia Bhatt",Drama,10/19/2012,N,3680889,2967,6009,4520945,8/2/2012,78
239,Super Nani,-6.083222222,49.83333333,-37.5,Losing,8,-3,-37.5,"Rekha,Sharman Joshi,Randhir Kapoor,Anupam Kher",Comedy,10/31/2014,Y,58430,282,1574,875773,9/19/2014,42
240,Table no. 21,16.37038889,17.33333333,25,Semi - Hit,12,3,25,"Paresh Rawal,Rajeev Khandelwal,Tena Desae",Thriller,1/4/2013,NP,10547,147,1180,1167853,11/22/2012,43
241,Talaash,86.65410185,29.71296296,132.5,Super Hit,40,53,132.5,"Aamir Khan,Rani Mukherjee,Kareena Kapoor Khan",Thriller,11/30/2012,Y,427834,1779,6700,3795554,9/13/2012,78
242,Tanu Weds Manu,66.38096154,26.69230769,153.333,Super Hit,15,23,153.333,"Kangana Ranaut,R Madhavan",Rom-Com,2/25/2011,N,168758,9,55,165350,12/24/2010,63
243,Tanu Weds Manu Returns,284.7284495,33.62740385,470.167,Blockbuster,30,141.05,470.167,"Kangana Ranaut,R. Madhavan,Jimmy Shergill,Deepak Dobriyal",Comedy / Drama,5/22/2015,Y,379000,1387,24290,7748874,4/14/2015,38
244,Tere Naal Love Ho Gaya,119.16675,6.5,120,Super Hit,10,12,120,"Reitesh Deshmukh,Genelia D'Souza",Rom-Com,2/24/2012,NP,63736,123,1505,1213496,12/22/2011,64
245,Teri Meri Kahaani,57.2251,42.6,-6.667,Losing,30,-2,-6.667,"Shahid Kapoor,Priyanka Chopra",Romance,6/22/2012,NP,31469,705,4810,2496887,4/5/2012,78
246,Tevar ,86.15269697,47.28219697,-35,Losing,60,-21,-35,"Arjun Kapoor,Sonakshi Sinha,Raj Babbar,Manoj Bajpai",Action,1/16/2015,NP,5065,1739,11273,6137326,11/10/2014,67
247,Tezz,16.87226044,36.1025641,-12.5,Losing,40,-5,-12.5,"Anil Kapoor,Kangana Ranaut,Zayed Khan,Mallika Sherawat,Sameera Reddy,Boman Irani,Ajay Devgn",Drama,4/27/2012,NP,31500,321,2372,2527689,1/4/2012,114
248,Thank You,18.69940051,48.34693878,-20.69,Losing,58,-12,-20.69,"Akshay Kumar,Sunil Shetty,Sonam Kapoor,Bobby Deol,Rimi Sen,Celina Jaitley,Irrfan Khan",Comedy,4/8/2011,NP,1744,128,623,1117064,2/25/2011,42
249,The Attacks Of 26/11,-25.55566667,34.66666667,-60,Flop,30,-18,-60,"Nana Patekar,Sanjeev Jaiswal",Drama,3/1/2013,NP,398,354,1946,1081140,1/17/2013,43
250,The Dirty Picture,120.0305285,29.61527015,555.556,Blockbuster,18,100,555.556,"Vidya Balan,Naseeruddin Shah,Tusshar Kapoor,Emraan Hashmi",Drama,12/2/2011,NP,463479,226,1084,2257031,8/30/2011,94
251,The Lunchbox,70.211375,36.25,120,Super Hit,10,12,120,Irrfan Khan,Drama,9/20/2013,N,14135,288,4092,1082453,8/14/2013,37
252,The Shaukeens,117.0950278,38.58333333,-22.952,Losing,42,-9.64,-22.952,"Anupam Kher,Annu Kapoor,Piyush Mishra,Lisa Haydon",Comedy,11/7/2014,Y,94707,560,4374,2375495,9/27/2014,41
253,The Xpose,20,19,20,Average,15,3,20,"Himesh Reshammiya,Zoya Afroz,Sonali Raut,Honey Singh",Thriller,5/16/2014,Y,664183,1293,3514,3708362,4/2/2014,44
254,Total Siyapaa,174.502475,41,-64.706,Flop,17,-11,-64.706,"Ali Zafar,Yami Gautam",Comedy,3/7/2014,NP,3577,555,3675,1759798,11/25/2013,102
255,Ugly,177.0833333,45.5,211.111,Super Hit,4.5,9.5,211.111,"Rahul Bhat,Ronit Roy",Thriller,12/19/2014,Y,53773,325,3423,1806929,12/15/2014,4
256,Ungli,53.89291385,28.48461538,26.667,Semi - Hit,15,4,26.667,"Emraan Hashmi,Randeep Hooda,Kangana Ranaut,Neha Dhupia, Sanjay Dutt",Crime,11/28/2014,Y,100826,492,6919,2746986,9/29/2014,60
257,Vicky Donor,310.6453611,37.06666667,1200,Blockbuster,5,60,1200,"Ayushmann Khurrana,Yami Gautam,Annu Kapoor",Comedy,4/20/2012,NP,88089,247,3448,2086366,3/8/2012,43
258,War Chhod Na Yaar,-9.801444444,21.88888889,-50,Flop,14,-7,-50,"Sharman Joshi,Soha Ali Khan,Javed Jaffrey",Comedy,10/11/2013,N,27962,179,894,307298,9/19/2013,22
259,Warning 3D,-8.71425,48,-40,Losing,5,-2,-40,"Santosh Barmola,Suzana Rodrigues,Manjari Fadnis,Varun Sharma",Action,9/27/2013,None,81,224,1518,307298,8/21/2013,37
260,Welcome To Karachi,-37.5604375,25.875,-60,Flop,20,-12,-60,"Arshad Warsi,Jackky Bhagnani,Lauren Gottlieb,Dalip Tahil",Comedy,5/28/2015,N,6567,1077,11015,4239070,4/13/2015,45
261,Yaariyan,110.526,24,110.526,Hit,19,21,110.526,"Himansh Kohli,Rakul Preet,Nicole Faria,Dev Sharma",Comedy,1/10/2014,Y,3147064,767,4852,3331807,10/30/2013,72
262,Yamla Pagla Deewana,56.67197222,32.91666667,175,Super Hit,20,35,175,"Sunny Deol,Bobby Deol,Dharmendra",Comedy,1/14/2011,N,146693,9,118,215922,12/15/2010,30
263,Yamla Pagla Deewana 2,56.67197222,32.91666667,85,Semi - Hit,20,17,85,"Sunny Deol,Bobby Deol,Dharmendra",Comedy,6/7/2013,N,3001,684,5460,2785551,3/27/2013,72
264,Yeh Hai Bakrapur,-8.888666667,37.16666667,-33.333,Losing,3,-1,-33.333,"Anshuman Jha,Asif Basra,Suruchi Aulakh",Comedy,5/9/2014,Y,36847,924,758,1257546,3/2/2014,68
265,Yeh Jawaani Hai Deewani,130.7514405,41.21190476,171.429,Super Hit,70,120,171.429,"Ranbir Kapoor,Deepika Padukone,Kalki Koechlin,Aditya Roy Kapoor",Comedy / Drama,5/31/2013,N,2053316,1664,14230,5265692,3/19/2013,73
266,Yeh Saali Zindagi,33.01048958,46.27083333,50,Semi - Hit,8,4,50,"Irrfan Khan,Arunoday Singh,Chitrangada Singh,Aditi Rao Hydari",Thriller,2/4/2011,N,30302,9,9,13146,2/8/2011,-4
267,Youngistaan,-21.81808333,29.22222222,-69.565,Flop,23,-16,-69.565,"Jackky Bhagnani,Neha Sharma,Farooq Sheikh",Comedy / Drama,3/28/2014,NP,36047,177,1085,604598,1/31/2014,56
268,Zanjeer,75.9502,44,-75,Flop,60,-45,-75,Priyanka Chopra,Action,9/6/2013,N,12426,81,462,329080,7/4/2013,64
269,Zed Plus,-68.4631,48.2,-90.6,Flop,5,-4.53,-90.6," Mona Singh,Mukesh Tiwari,Kulbhushan Kharbanda,Sanjay Mishra,Shivani Tanksale",Drama,11/28/2014,Y,45389,69,660,528520,10/29/2014,30
270,Zid,-6.667,19,-6.667,Losing,15,-1,-6.667,"Karanvir Sharma,Mannara,Shraddha Das",Thriller,11/28/2014,Y,59909,62,186,258195,11/21/2014,7
271,Zila Ghaziabad,8.829345238,33.80952381,-55.556,Flop,36,-20,-55.556,"Sanjay Dutt,Arshad Warsi,Vivek Oberoi",Thriller,2/22/2013,NP,1193,621,1763,1566604,1/10/2013,43
272,Zindagi Na Milegi Dobara,69.94354714,41.04857143,63.636,Semi - Hit,55,35,63.636,"Hrithik Roshan,Abhay Deol,Farhan Akhtar,Katrina Kaif,Kalki Koechlin",Comedy / Drama,7/15/2011,Y,2464050,82,801,650952,5/31/2011,45
